In approach 1 for setB 45 out of 50 questions were correctly answered,,,,,
question,options,answer,gpt_answer,correct,
How can financial statement analysis be used to evaluate past performance?,"[""By assessing the causes behind the company's performance\nB) By understanding the company's strategy\nC) By evaluating the financial reporting standards\nD) By projecting future performance""]","Answer: A 
Justification: Evaluating a company's historical performance not only focuses on what happened but also the factors behind the performance and how it relates to the company's strategy. 

","The correct answer is: A) By assessing the causes behind the company's performance.

Justification:
According to the summary and the reported sections of the provided context, financial statement analysis entails more than just reviewing numbers or outcomes; it involves a deeper examination of the factors that led to those outcomes. Evaluating a company's past financial performance is highlighted as going beyond merely describing what happened; it includes exploring the causes behind the performance. This approach helps analysts understand why certain financial results occurred, which is essential in forming a comprehensive analysis of the company’s historical financial health and operational success. This justification directly supports option A, making it the correct choice. Options B, C, and D, while relevant to financial analysis in broader contexts, do not specifically address the question of how financial statement analysis is used to evaluate past performance based on the provided details.",yes,
What is the process of projecting a company's future net income and cash flow?,"[""Starting with a top-down sales forecast\nB) Determining profit margins and expenses\nC) Analyzing the level of investment in capital\nD) Assessing the company's market share""]","Answer: A 
Justification: The projection of future net income and cash flow often starts with a top-down sales forecast in which the analyst predicts industry sales and the company's market share.

","The correct answer is A) Starting with a top-down sales forecast.

Justification:
According to the provided context in the section titled ""Forecasting a Company's Future Financial Performance,"" the process of projecting a company's future net income and cash flow begins with a ""top-down sales forecast."" This involves using broad economic factors and industry data to make assumptions about the company’s future sales levels. This is the initial step from which further analysis, such as determining profit margins, expenses, and the level of investment in working and fixed capital, can be made to support the projected sales. This approach ensures that projections start with a broad perspective before delving into more specific company-related details. Thus, the starting point of this forecasting process is focusing first and foremost on the sales forecast, making option A the correct answer.",yes,
Why are projections of future performance important in credit analysis?,"[""To determine a company's ability to repay debt\nB) To assess the company's credit risk\nC) To evaluate profitability and cash flow\nD) To forecast future sales growth""]","Answer: A 
Justification: Projections of future performance are needed in credit analysis to determine a company's ability to repay interest and principal of a debt obligation.

","The correct answer is B) To assess the company's credit risk.

Justification:
In credit analysis, the primary concern is understanding the credit risk associated with lending to a particular company. This involves evaluating the company's ability to meet its financial obligations, especially the repayment of its debt. This task is directly connected to the company's future financial performance, which includes projections of net income and cash flow, as discussed in the context provided. These projections help analysts and investors understand whether the company will generate sufficient cash flows in the future to cover debt service and other obligations. Therefore, projections of future financial performance are crucial for assessing the credit risk of a company, making option B the correct answer.",no,
What factors are considered in credit analysis?,"['Leverage tolerance, operational stability, and margin stability\nB) Profitability, liquidity, and solvency\nC) Asset turnover, inventory turnover, and current ratio\nD) Working capital, return on equity, and debt-to-equity ratio']","Answer: A 
Justification: Credit analysis uses financial statement analysis to evaluate credit-relevant factors, including leverage tolerance, operational stability, and margin stability.

","The correct answer is A) Leverage tolerance, operational stability, and margin stability.

Justification: 
According to the summary detailed in the context paragraph, point 6 specifically states that credit analysis involves using financial statement analysis to evaluate factors like leverage tolerance, operational stability, and margin stability. These elements are key in assessing the risk related to providing credit to a company due to their direct implications on a company's ability to meet its debt obligations. The other options, although relevant to financial analysis in general, are not explicitly connected to credit analysis in the provided text. Therefore, the emphasis on leverage, operational stability, and margin stability in the context paragraph makes option A the most suitable and directly supported answer.",yes,
How are financial statement ratios used to screen potential equity investments?,['By determining which metrics to use as screens\nB) By calculating the weighted average of multiple metrics\nC) By setting cutoff points for metric values\nD) By analyzing the financial ratios of different companies'],"Answer: A 
Justification: Fundamental decisions in screening potential equity investments include determining which metrics to use as screens, how many metrics to include, and what values of those metrics to use as cutoff points.

","The correct answer is **A) By determining which metrics to use as screens.**

Justification:
The key points mentioned in the summary state that when using financial ratios to screen for potential equity investments, analysts make fundamental decisions regarding the metrics to use as screens. This implies that the initial and critical step in using financial statement ratios to screen potential equity investments involves selecting specific ratios that best meet the criteria for analysis or investment. This is crucial because these metrics will guide the subsequent analyses and decisions.

Options B, C, and D, while potentially part of the broader process involved in financial analysis and comparison, do not directly answer how the ratios are specifically used to screen for investments. Calculating a weighted average (B) or setting cutoff points (C) would be subsequent steps after determining which ratios to use as screens. Analyzing the financial ratios of different companies (D) is part of comparative analysis and wider financial analysis but does not specify how ratios are chosen and utilized primarily as screening tools.

Therefore, option A best addresses the initial and critical use of financial statement ratios specifically for the purpose of screening potential equity investments according to the given context.",yes,
When are analyst adjustments to reported financial statements necessary?,"[""When comparing companies that use different accounting methods\nB) When evaluating the creditworthiness of a borrower\nC) When projecting future cash flow\nD) When assessing a company's market share""]","Answer: A 
Justification: Adjustments to reported financial statements are sometimes necessary when comparing companies that use different accounting methods or assumptions.

","The correct answer is: A) When comparing companies that use different accounting methods.

Justification:
Analyst adjustments to reported financial statements are primarily necessary to ensure comparability between companies that may use different accounting standards or methods. For example, one company might use a different method of depreciation or inventory management than another, affecting assets, liabilities, and income recognition. Making adjustments allows analysts to fairly compare financial performance and health across different companies, which might otherwise be misleading if different accounting practices were used without adjustment.

While creditworthiness assessment, projecting future cash flow, and assessing market share also heavily rely on analyzing financial statements, these processes do not inherently require adjustments for differing accounting methods as the primary necessity. Rather, they focus on interpreting the existing data to evaluate financial health, predict future performance, or understand competitive positioning respectively, utilizing the data as presented or historically adjusted for standard analysis. Thus, A is the most appropriate choice given the requirement specified in the context paragraph and summarized points.",yes,
What are some examples of analyst adjustments to reported financial statements?,"['Adjustments related to investments, inventory, and property\nB) Adjustments related to sales forecasts and market share\nC) Adjustments related to projected cash flow and profitability\nD) Adjustments related to borrowing capacity and leverage']","Answer: A 
Justification: Some examples of analyst adjustments to reported financial statements include adjustments related to investments, inventory, property, plant, and equipment.

","The correct answer is A) Adjustments related to investments, inventory, and property.

Justification:
In the provided context, it mentions in the section ""6. Analyst Adjustments to Financial Statements"" that analysts make common types of adjustments to reported financial statements. This typically includes adjustments to account for differences in accounting practices or assumptions that vary between companies, which allows for a more accurate comparison. 

Adjustments related to investments, inventory, and property are common in financial statement analysis because these areas often require reevaluation due to differences in valuation methods, depreciation approaches, or inventory costing methods that companies might use. 

Option B is incorrect as sales forecasts and market share are more related to predicting future performance rather than adjusting historical financial statements for comparability. Option C is also incorrect because it focuses on future projections rather than historical adjustments. Option D involves factors more closely related to credit assessment, not typical adjustments for comparability in financial statements. Therefore, option A is the best fit based on the context provided.",yes,
How can a good understanding of financial reporting standards benefit analysts?,['It helps them make accurate investment decisions\nB) It ensures compliance with regulatory requirements\nC) It allows for effective credit analysis\nD) It helps in projecting future financial performance'],"Answer: A 
Justification: Having a good understanding of financial reporting standards ensures that analysts can make accurate investment decisions based on the information provided in financial statements.

","The correct answer is: A) It helps them make accurate investment decisions.

Justification:
In the provided context, understanding financial reporting standards is highlighted as crucial for accurate analysis and decision-making. This encompasses evaluating a company's past and future financial performances, understanding the implications of their financial strategies, and making necessary adjustments to financial statements for comparability. These activities are foundational to making accurate investment decisions, whether in equity or debt. The knowledge of financial reporting standards enables analysts to interpret the financial statements properly, assess the company’s standing appropriately, and thus make more informed and accurate investment decisions. 

While choices B, C, and D are important aspects of financial statement analysis, they are specific subsets of the broader benefit of enabling accurate investment decisions (choice A). For instance, effective credit analysis (choice C) and projecting future financial performance (choice D) contribute to making informed investment decisions but are more narrowly focused compared to the comprehensive understanding emphasized in the summary. Similarly, ensuring compliance with regulatory requirements (choice B) is important but is a part of the legal and procedural framework rather than directly influencing the accuracy of investment decision-making, which is more directly impacted by understanding and applying the financial reporting standards as per the provided context.",yes,
What is the purpose of evaluating a company's historical performance?,"[""To understand the causes behind the company's performance\nB) To assess the company's current financial position\nC) To project future financial performance\nD) To determine the company's market share""]","Answer: A 
Justification: Evaluating a company's historical performance helps in understanding the factors that led to its performance and how it aligns with the company's strategy.

","The correct answer is: A) To understand the causes behind the company's performance.

Justification:
According to the provided context, evaluating a company's historical performance serves primarily to understand the reasons or causes behind the performance, as well as how it aligns with the company's strategic goals. This is explicitly mentioned in several sections of the context:
- The summary points out that evaluating historical performance ""goes beyond describing what happened; it also explores the causes behind the performance and how it aligns with the company's strategy.""
- In the description of the ""Evaluating a Company's Past Financial Performance"" section, it emphasizes the importance of understanding the causes behind the performance and its alignment with the company's strategy.

Options B, C, and D, although related to financial analysis in general, are not directly linked to the purpose of historical analysis as outlined in the context provided. Option B (assessing the company's current financial position) and Option C (projecting future financial performance) are related to other aspects of financial analysis but not specifically tied to the reasons for historical analysis as indicated. Option D (determining the company's market share) is not mentioned in the context in relation to the evaluation of historical performance.",yes,
How does projecting profit margins and expenses contribute to forecasting net income and cash flow?,"[""It helps determine the company's market share\nB) It allows for accurate sales forecasts\nC) It helps estimate future revenue and costs\nD) It accounts for changes in working capital""]","Answer: C 
Justification: Projecting profit margins and expenses helps in estimating future revenue and costs, which are crucial in forecasting net income and cash flow.

","The correct answer is C) It helps estimate future revenue and costs.

Justification:
Forecasting a company's future financial performance, specifically net income and cash flow, requires a thorough understanding of several components that make up the statement of earnings and cash flows. According to the summary, a proper forecast involves a consideration of profit margins, expenses, and investment in working and fixed capital. Specifically, projecting profit margins and estimating expenses contribute directly to understanding the future revenue and costs of the company. This is crucial because it helps in mapping out how much revenue the company is likely to generate relative to its costs, which directly impacts the net income. Net income, derived from revenue minus expenses, feeds into the cash flow projections by highlighting how much cash will remain after all operational costs and expenses are covered. Therefore, a careful estimate of future revenue and costs via profit margins and expenses is fundamental in forecasting net income and cash flow, aligning with choice C. Other choices, although related to business operations, do not directly explain how profit margins and expenses contribute to net income and cash flow estimations as expressed in the overall context.",yes,
What does credit analysis use financial statement analysis for?,"[""To evaluate a borrower's creditworthiness\nB) To analyze a company's historical performance\nC) To determine a company's market share\nD) To project future financial performance""]","Answer: A 
Justification: Credit analysis uses financial statement analysis to assess a borrower's ability to repay interest and principal of a debt obligation.

","The correct answer is: A) To evaluate a borrower's creditworthiness.

Justification:
Based on the context provided in the summary, point 6 specifically states that ""Credit analysis involves using financial statement analysis to evaluate factors like leverage tolerance, operational stability, and margin stability."" This highlights the use of financial statement analysis as a tool in credit analysis to assess the creditworthiness of a borrower by examining key financial indicators related to the borrower's ability to manage debt, maintain operational consistency, and sustain profit margins. 

Options B, C, and D, while relevant to financial statement analysis, do not specifically address its application in credit analysis. Option B refers to analyzing a company's historical performance which is part of overall financial statement analysis but does not directly relate to the assessment of creditworthiness. Option C is about determining a company’s market share, which isn’t referred to in the context of credit analysis within the provided text. Option D concerns projecting future financial performance, which again is a part of financial statement analysis broader applications but not specifically about evaluating creditworthiness in the context of credit analysis.
",yes,
What types of factors are evaluated in credit analysis?,"['Leverage tolerance, operational stability, and margin stability\nB) Profitability, liquidity, and solvency\nC) Asset turnover, inventory turnover, and current ratio\nD) Working capital, return on equity, and debt-to-equity ratio']","Answer: A 
Justification: Credit analysis considers factors such as leverage tolerance, operational stability, and margin stability when assessing creditworthiness.

","The correct answer is A) Leverage tolerance, operational stability, and margin stability.

Justification:
According to the provided summary in the report, credit analysis specifically involves using financial statement analysis to evaluate factors like leverage tolerance (how much debt a company can handle safely), operational stability (consistency and reliability of a company’s operations), and margin stability (stability in the company's profit margins). This information directly suggests that these are the primary factors considered in the context of credit analysis as mentioned in the report.

Options B, C, and D, while important in financial analysis, are not highlighted within the provided text as specific to credit analysis. They include other financial metrics that are crucial for different aspects of financial performance analysis but are not specifically listed under the section discussing credit analysis in the report.",yes,
How do financial statement ratios assist in screening potential equity investments?,['By determining which metrics to use as screens\nB) By calculating the weighted average of multiple metrics\nC) By setting cutoff points for metric values\nD) By analyzing the financial ratios of different companies'],"Answer: A 
Justification: Financial statement ratios are used to determine which metrics to use as screens when screening potential equity investments.

","The correct answer is: **D) By analyzing the financial ratios of different companies**

Justification:

Financial statement ratios are crucial in screening for potential equity investments because they provide a numeric evaluation of different aspects of a company's financial health. These ratios, such as the debt-to-equity ratio, return on equity, or earnings per share, facilitate the comparison of financial metrics across different companies in a consistent manner. By comparing these ratios, analysts can assess which companies meet certain investment criteria, which is essential for making informed investment decisions.

Options A, B, and C describe steps involved in setting up a screening process but do not directly answer the question regarding how these ratios assist in the screening process. These options are more related to the methodology of setting up the screenings (such as what metrics to use, how to weigh them, and setting thresholds for these metrics), but do not directly address the function of the ratios themselves in the context of the analysis.
Financial statement ratios, like those mentioned in the context paragraph under point 7 of the Summary (""When using financial ratios to screen for potential equity investments, analysts must make fundamental decisions regarding the metrics to use as screens, the number of metrics to include, cutoff points, and weighting for each metric.""), truly serve their purpose by providing measurable benchmarks that can be used to compare different companies, thus assisting in identifying potential investment opportunities or risks.",no,
When are analyst adjustments to reported financial statements necessary?,"[""When evaluating a company's market share\nB) When assessing a company's credit risk\nC) When comparing companies that use different accounting methods\nD) When projecting future cash flow""]","Answer: C 
Justification: Analyst adjustments to reported financial statements are necessary when comparing companies that use different accounting methods or assumptions.

","The correct answer is: C) When comparing companies that use different accounting methods.

Justification:
Analyst adjustments to reported financial statements are necessary to ensure comparability among companies, especially when these companies employ different accounting methods or assumptions. As described in the summary, adjustments may relate to different areas such as investments, inventory, property, plant, and equipment, and goodwill. These adjustments correct or modify the financial information so that it conforms to a common standard, allowing for a more accurate comparison across companies that might otherwise use varying practices that could lead their financial statements to reflect different aspects of their financial health and performance.

Choices A, B, and D do not specifically require adjustments for comparability due to different accounting methods:
A) Evaluating a company's market share typically involves analyzing sales data and market data rather than adjusting financial statements.
B) Assessing a company's credit risk involves analyzing financial stability, leverage, and margin stability, where adjustments may be used but not specifically for different accounting methods.
D) Projecting future cash flow involves forecasting future financial activities and does not inherently require adjustments to past financial statements for different accounting methods, though adjustments might be used for other reasons in the projection process. 

Thus, choice C is the most directly related to the necessity for making adjustments due to different accounting methods used by companies.",yes,
What are examples of analyst adjustments to reported financial statements?,"['Adjustments related to investments, inventory, and property\nB) Adjustments related to sales forecasts and market share\nC) Adjustments related to projected cash flow and profitability\nD) Adjustments related to borrowing capacity and leverage']","Answer: A 
Justification: Examples of analyst adjustments to reported financial statements include adjustments related to investments, inventory, property, plant, and equipment.

","The correct answer is A) Adjustments related to investments, inventory, and property.

Justification:
Based on the context provided, section 6 of the report titled ""Analyst Adjustments to Financial Statements"" explicitly mentions the common types of adjustments analysts make to reported financial statements. This section illustrates that adjustments would indeed involve aspects like investments, inventory, and possibly property, as these involve different accounting methods or assumptions that may require standardization for proper comparison between companies. The report does not specifically state the adjustment types for sales forecasts, market share, projected cash flow, profitability, borrowing capacity, or leverage in the context of analyst adjustments to reported financial statements for comparability purposes. Thus, option A is the most fitting answer within the given context.",yes,
How can a good understanding of financial reporting standards benefit analysts?,['It helps ensure accurate investment decisions\nB) It ensures compliance with regulatory requirements\nC) It allows for effective credit analysis\nD) It helps project future financial performance'],"Answer: A 
Justification: Having a good understanding of financial reporting standards enables analysts to make accurate investment decisions based on the information provided in financial statements.

","The correct answer is: A) It helps ensure accurate investment decisions.

Justification:
According to the context provided in the report, understanding financial reporting standards is crucial for accurate analysis and decision-making (as stated in the key points of the summary). This ensures that analysts can accurately interpret and analyze financial statements prepared under various standards, making it possible to make informed investment decisions. This understanding helps analysts detect any nuances and specifics in financial reporting that may not be immediately apparent, which directly supports better investment decision-making.

While options B, C, and D are valid benefits of understanding financial reporting standards, they are not directly mentioned in the context segment provided. B focuses on regulatory compliance, C on credit analysis, and D on future financial performance. While these factors are influenced by understanding financial standards, the primary benefit explicitly linked to this understanding in your provided text is making accurate investment decisions, aligning with option A.",yes,
What is the purpose of evaluating a company's historical performance?,"[""To assess the company's current financial position\nB) To understand the causes behind the company's performance\nC) To project future financial performance\nD) To determine the company's market share""]","Answer: B 
Justification: Evaluating a company's historical performance helps in understanding the factors that led to its performance and how it aligns with the company's strategy.

","The correct answer is: B) To understand the causes behind the company's performance.

Justification:
The context provided in the report under the section ""Evaluating a Company's Past Financial Performance"" specifies that evaluating a company's historical performance involves understanding the causes behind the performance and examining how it aligns with the company's strategy. This is critical for providing insights into past activities and decisions that shaped the financial outcomes, which can inform future strategies and improvements. While assessing the company's current financial position, projecting future financial performance, and determining market share are also valid considerations in financial analysis, the primary purpose highlighted in the provided context is to understand the underlying reasons for the historical performance outcomes.",yes,
How does projecting profit margins and expenses contribute to forecasting net income and cash flow?,"[""It helps determine the company's market share\nB) It allows for accurate sales forecasts\nC) It helps estimate future revenue and costs\nD) It accounts for changes in working capital""]","Answer: C 
Justification: Projecting profit margins and expenses helps in estimating future revenue and costs, which are crucial in forecasting net income and cash flow.

","The correct answer to the question is **C) It helps estimate future revenue and costs**.

Justification:

Projecting profit margins and expenses directly contributes to forecasting a company's future net income and cash flow by helping to estimate future revenue and costs. Profit margins are critical because they indicate how much of each dollar in sales remains after expenses are accounted for, directly affecting net income. A focus on expenses is essential because controlling or predicting costs helps in estimating the total outflows, which, combined with revenue projections, provide a clearer picture of the expected cash flow and net income.

The sections ""Forecasting a Company's Future Financial Performance"" explains that forecasting requires considering profit margins, expenses, and investments in capital. This approach shows how the projection of profit margins (linked to revenue) and expenses helps in establishing a firm foundation for estimating future revenues and costs, which is crucial for financial forecasting.

**Choices Analysis:**

A) It helps determine the company's market share - Incorrect because market share estimation is more a result of competitive analysis and overall market size assessment rather than direct forecasting of financial performance through profit margins and expenses.

B) It allows for accurate sales forecasts - Incorrect as this is more about the method and basis of forecasting sales, not directly linked to profit margins and expenses impacting net income and cash flow projections.

D) It accounts for changes in working capital - Incorrect because while important, this option does not directly relate to the estimation of revenues and costs through profit margins and expenses. Changes in working capital are related but are a more detailed aspect of managing operational liquidity rather than estimating future performance through margins and expenses.",yes,
What does credit analysis use financial statement analysis for?,"[""To determine a company's market share\nB) To evaluate a borrower's creditworthiness\nC) To project future financial performance\nD) To analyze a company's historical performance""]","Answer: B 
Justification: Credit analysis uses financial statement analysis to assess a borrower's ability to repay interest and principal of a debt obligation.

","The correct answer is B) To evaluate a borrower's creditworthiness.

Justification: 
Credit analysis involves assessing the credit quality of a potential debt investment, as mentioned in the provided context. Specifically, it includes analyzing factors like leverage tolerance, operational stability, and margin stability, which are essential in determining a company's ability to meet its debt obligations and thus its overall creditworthiness. This is directly related to evaluating a borrower's creditworthiness, as credit analysis uses financial statement analysis to scrutinize these various financial health indicators. Therefore, option B is the correct choice.

The other options, while involved in financial statement analysis, do not directly relate to the use of financial statement analysis in credit analysis as described:
- Option A, determining a company's market share, is more about competitive positioning than credit assessment.
- Option C, projecting future financial performance, although part of financial analysis, is not specific to the credit analysis; rather, it is part of broader financial forecasting.
- Option D, analyzing a company's historical performance, relates to evaluating past financial results but does not specifically address the objective of credit analysis, which is to evaluate creditworthiness based on those results and other factors.",yes,
What types of factors are evaluated in credit analysis?,"['Leverage tolerance, operational stability, and margin stability\nB) Profitability, liquidity, and solvency\nC) Asset turnover, inventory turnover, and current ratio\nD) Working capital, return on equity, and debt-to-equity ratio']","Answer: A 
Justification: Credit analysis considers factors such as leverage tolerance, operational stability, and margin stability when assessing creditworthiness.

","The correct answer is **A) Leverage tolerance, operational stability, and margin stability**.

Justification:

In the given context, credit analysis is specifically mentioned to involve evaluating factors like leverage tolerance, operational stability, and margin stability. These factors are critical as they reflect the company's ability to manage debt (leverage tolerance), maintain consistent operations under varying conditions (operational stability), and achieve steady profit margins (margin stability), all of which are crucial for assessing the credit quality of a company.

Option B (Profitability, liquidity, and solvency), option C (Asset turnover, inventory turnover, and current ratio), and option D (Working capital, return on equity, and debt-to-equity ratio) all include important financial metrics; however, within the specific context provided, these items were not explicitly mentioned as factors evaluated in credit analysis. While these metrics can surely play a part in a broader analysis, they weren't directly listed under the discussion of credit analysis in the provided text. Therefore, option A is the most accurate based on the given context.",yes,
How do financial statement ratios assist in screening potential equity investments?,['By determining which metrics to use as screens\nB) By calculating the weighted average of multiple metrics\nC) By setting cutoff points for metric values\nD) By analyzing the financial ratios of different companies'],"Answer: A 
Justification: Financial statement ratios are used to determine which metrics to use as screens when screening potential equity investments.

","The correct answer is D) By analyzing the financial ratios of different companies.

Justification:
Financial statement ratios are tools used in financial analysis to evaluate various aspects of a company's operating performance, financial health, and profitability. When screening for potential equity investments, analysts primarily use these ratios to compare and analyze the financial data of different companies. This comparative analysis helps in understanding how companies stand relative to one another within the same industry or across different sectors. Such comparisons are crucial for making informed investment decisions.

The context paragraph mentions that when using financial ratios to screen potential equity investments, analysts need to make decisions about which metrics to use, include multiple metrics, set cutoff points, and decide on the weighting for each metric. However, the fundamental application of these ratios in the screening process is to analyze their values across different companies to identify which investments may offer the best potential returns or which represent the highest risk, thereby assisting in investment decision-making.

Option D directly addresses this utility of financial ratios, emphasizing their application in analyzing and comparing different companies' financial metrics, which fits the context provided about the use of financial statement analysis in screening for potential equity investments.",no,
When are analyst adjustments to reported financial statements necessary?,"[""When assessing a company's credit risk\nB) When comparing companies that use different accounting methods\nC) When evaluating a company's market share\nD) When projecting future cash flow""]","Answer: B 
Justification: Analyst adjustments to reported financial statements are necessary when comparing companies that use different accounting methods or assumptions.

","The correct answer is B) When comparing companies that use different accounting methods.

Justification:
The necessity for analyst adjustments to reported financial statements arises particularly when there is a need to compare companies that operate under different accounting frameworks, methods, or assumptions. As stated in the provided context, ""Analyst adjustments to reported financial statements may be necessary for comparability purposes, especially when comparing companies that use different accounting methods or assumptions."" These adjustments ensure that the financial statements of different companies are comparable, providing a more accurate and meaningful analysis. Adjustments may also be needed for items like investments, inventory, property, plant, and equipment, and goodwill, aligning various accounting treatments to common standards for consistent comparison.

The other options, while important aspects of financial analysis, do not specifically necessitate adjustments to reported financial statements:
A) When assessing a company's credit risk - This involves analyzing existing financial statements for factors like leverage and stability, not necessarily adjusting those statements.
C) When evaluating a company's market share - Market share evaluation is more about industry positioning and sales performance relative to competitors, not about adjusting financial statements.
D) When projecting future cash flow - This involves forecasting future financial outcomes based on existing financial data and trends, potentially adjusting projections or assumptions, but not the historical financial statements themselves.",yes,
What are examples of analyst adjustments to reported financial statements?,"['Adjustments related to investments, inventory, and property\nB) Adjustments related to sales forecasts and market share\nC) Adjustments related to projected cash flow and profitability\nD) Adjustments related to borrowing capacity and leverage']","Answer: A 
Justification: Examples of analyst adjustments to reported financial statements include adjustments related to investments, inventory, property, plant, and equipment.

","The correct answer is A) Adjustments related to investments, inventory, and property.

Justification:
The context provided mentioned specific types of adjustments made by analysts to reported financial statements to facilitate comparison between companies with different accounting methods or assumptions. Examples given explicitly or implied in the outlined uses of financial statement analysis typically revolve around tangible items on the financial statements, such as investments, inventory, and property. These adjustments ensure comparability, helping in adjusting like-for-like items that might be recorded differently in different companies due to varying accounting policies or standards.

Options B, C, and D are not directly referenced in the provided text under the section discussing ""Analyst Adjustments to Financial Statements."" These options focus more on forecasting, profitability, and borrowing parameters which, although important in financial analysis, are not indicated in the text’s section concerning actual adjustments made to the financial statements.",yes,
How can a good understanding of financial reporting standards benefit analysts?,['It helps ensure accurate investment decisions\nB) It ensures compliance with regulatory requirements\nC) It allows for effective credit analysis\nD) It helps project future financial performance'],"Answer: A 
Justification: Having a good understanding of financial reporting standards enables analysts to make accurate investment decisions based on the information provided in financial statements.

","The correct answer is: **A) It helps ensure accurate investment decisions.**

Justification:
Understanding financial reporting standards is crucial for analysts because these standards govern the preparation of financial statements. A solid grasp of these standards enables analysts to evaluate the financial information accurately and make informed decisions. According to the context provided, knowing these standards aids in ""accurate analysis and decision-making"" (see point 2 in the Summary). While points B, C, and D are valid benefits of understanding financial reporting standards, they are not explicitly supported by the context in the same direct manner as point A. Ensuring compliance with regulatory requirements (B), allowing for effective credit analysis (C), and helping to project future financial performance (D) are indeed influenced by understanding these standards, but the direct link to ensuring accurate investment decisions is highlighted in the given text. Accurate analysis leads directly to more informed and accurate investment decisions, which is a primary concern for analysts who rely on financial statement analysis for evaluating past and projecting future performances to inform investment actions. Thus, A is the most directly supported and comprehensive answer according to the provided text.

",yes,
What is the purpose of evaluating a company's historical performance?,"[""To assess the company's current financial position\nB) To understand the causes behind the company's performance\nC) To project future financial performance\nD) To determine the company's market share""]","Answer: B 
Justification: Evaluating a company's historical performance helps in understanding the factors that led to its performance and how it aligns with the company's strategy.

","The correct answer is B) To understand the causes behind the company's performance.

Justification:
According to the context paragraph in the ""Evaluating a Company's Past Financial Performance"" section, the purpose of evaluating a company's historical performance is to go beyond just describing what happened. It specifies the importance of understanding the causes behind the performance and how that performance aligns with the company's strategy. This explanation focuses on comprehending the reasons and strategic alignment behind historical numbers rather than purely assessing the current financial position (option A), projecting future financial performance (option C), or determining market share (option D). Therefore, option B is the most accurate answer based on the given material.",yes,
How does projecting profit margins and expenses contribute to forecasting net income and cash flow?,"[""It helps determine the company's market share\nB) It allows for accurate sales forecasts\nC) It helps estimate future revenue and costs\nD) It accounts for changes in working capital""]","Answer: C 
Justification: Projecting profit margins and expenses helps in estimating future revenue and costs, which are crucial in forecasting net income and cash flow.

","The correct answer is C) It helps estimate future revenue and costs.

Justification:
Within the context paragraph, it is noted that forecasting a company's future net income and cash flow involves a top-down sales forecast which further includes consideration of profit margins, expenses, and investments in working and fixed capital. By projecting profit margins and expenses, a company effectively makes an estimate of its future revenue and costs. 

Profit margins help determine the profitability of sales after accounting for the costs associated with those sales, and projecting expenses helps in estimating the operational costs going forward. Hence, through these projections, an organization can forecast its net income, which is the profitability after all revenues and expenses have been accounted for, and cash flow, which is the net amount of cash being transferred into and out of the business. 

Options A, B, and D do not directly address how profit margins and expenses assist in the estimation of future revenue and costs, which are crucial for forecasting net income and cash flow:
A) Profit margins and expenses do not directly help in determining market share, which is more directly related to sales volumes and competitive positioning.
B) While sales forecasts are vital, they are not directly accomplished by projecting profit margins and expenses but rather inform these projections.
D) Changes in working capital are related but are a different aspect of financial planning, focusing on the liquidity aspect rather than directly estimating revenue and costs.",yes,
What does credit analysis use financial statement analysis for?,"[""To determine a company's market share\nB) To evaluate a borrower's creditworthiness\nC) To project future financial performance\nD) To analyze a company's historical performance""]","Answer: B 
Justification: Credit analysis uses financial statement analysis to assess a borrower's ability to repay interest and principal of a debt obligation.

","The correct answer is B) To evaluate a borrower's creditworthiness.

Justification:
The summary explicitly states that credit analysis involves using financial statement analysis to evaluate factors such as leverage tolerance, operational stability, and margin stability. Financial statement analysis, as part of credit analysis, helps in assessing the financial health and risk associated with a company, which directly relates to the creditworthiness of a borrower. This assessment is essential in determining how capable a company is of meeting its debt obligations, which is a fundamental aspect of credit analysis. The other options, while relevant to financial statement analysis in different contexts, do not specifically address the utilization of financial statement analysis in credit analysis as directly as option B does. For instance, projections of future financial performance (Option C) and analyzing historical performance (Option D) are part of broader financial statement analysis tasks but are not specific to creditworthiness evaluation. Similarly, determining a company's market share (Option A) involves competitive analysis and market research, not specifically credit analysis. Therefore, option B is the correct and most relevant choice.",yes,
What types of factors are evaluated in credit analysis?,"['Leverage tolerance, operational stability, and margin stability\nB) Profitability, liquidity, and solvency\nC) Asset turnover, inventory turnover, and current ratio\nD) Working capital, return on equity, and debt-to-equity ratio']","Answer: A 
Justification: Credit analysis considers factors such as leverage tolerance, operational stability, and margin stability when assessing creditworthiness.

","The correct answer is A) Leverage tolerance, operational stability, and margin stability.

Justification:
As per the summary provided in the context paragraph, credit analysis specifically involves using financial statement analysis to evaluate factors such as leverage tolerance, operational stability, and margin stability. These factors relate to a company's ability to handle debt, maintain consistent operations, and sustain profit margins over time, which are crucial for assessing the credit quality of potential debt investments. Choice B focuses on general financial health indicators but does not specifically mention the credit analysis factors highlighted in the context. Choices C and D list various financial ratios that are indeed useful in financial analysis but are not specified under the credit analysis section in the provided context.",yes,
How do financial statement ratios assist in screening potential equity investments?,['By determining which metrics to use as screens\nB) By calculating the weighted average of multiple metrics\nC) By setting cutoff points for metric values\nD) By analyzing the financial ratios of different companies'],"Answer: A 
Justification: Financial statement ratios are used to determine which metrics to use as screens when screening potential equity investments.

","The correct answer is D) By analyzing the financial ratios of different companies.

Justification:

The key function of financial statement ratios in the context of screening for potential equity investments is to analyze and compare different companies. Financial ratios provide a quantitative basis for comparison across different companies, even if they operate in the same industry. This analysis helps investors understand how a company stands in terms of liquidity, solvency, profitability, and other financial metrics compared to its peers.

This selection is justified by the context given in the summary, specifically part 7: ""When using financial ratios to screen for potential equity investments, analysts must make fundamental decisions regarding the metrics to use as screens, the number of metrics to include, cutoff points, and weighting for each metric."" While the decision on which metrics to use and the setting of cutoff points are important (as referenced in options A and C), the actual process of analyzing these financial ratios directly enables the comparison between different companies, thereby serving the screening function as stated in D.

Options A and C also relate to the process of setting up ratio analysis, but these steps are more about criteria setting and don't represent the functional use of the ratios themselves in the screening process. Option B, concerning calculating the weighted average of multiple metrics, doesn't specifically relate to the usage of ratios for screening equity investments as per the provided text.",no,
When are analyst adjustments to reported financial statements necessary?,"[""When evaluating a company's market share\nB) When assessing a company's credit risk\nC) When comparing companies that use different accounting methods\nD) When projecting future cash flow""]","Answer: C 
Justification: Analyst adjustments to reported financial statements are necessary when comparing companies that use different accounting methods or assumptions.

","The correct answer is: 
C) When comparing companies that use different accounting methods

Justification:
Analyst adjustments to reported financial statements are necessary to facilitate comparability among companies, especially when these companies use different accounting methods or assumptions. These adjustments are crucial to ensure that comparisons are meaningful and reflect a true comparison of the companies' financial conditions and performances. Adjusting financial statements allows the analyst to neutralize the effects of different accounting practices, thereby providing a clearer, more comparable view. This scenario is highlighted in the paragraph labeled “Summary,” where it mentions that ""Analyst adjustments to reported financial statements may be necessary for comparability purposes, especially when comparing companies that use different accounting methods or assumptions.""

The other options do not directly mention the need for adjustments to reported financial statements:
A) When evaluating a company's market share - Market share evaluation typically involves analysis of sales data and does not necessarily require adjustments to financial statements.
B) When assessing a company's credit risk - While financial statement analysis is part of assessing credit risk, the statement itself doesn't directly imply that adjustments to reported financials are specifically needed for this purpose.
D) When projecting future cash flow - Future cash flow projections involve estimates and forecasts rather than adjustments to past reported financial statements.",yes,
What are examples of analyst adjustments to reported financial statements?,"['Adjustments related to investments, inventory, and property\nB) Adjustments related to sales forecasts and market share\nC) Adjustments related to projected cash flow and profitability\nD) Adjustments related to borrowing capacity and leverage']","Answer: A 
Justification: Examples of analyst adjustments to reported financial statements include adjustments related to investments, inventory, property, plant, and equipment.

","The correct answer is: A) Adjustments related to investments, inventory, and property

Justification:
According to the context provided, ""Analyst Adjustments to Financial Statements"" section illustrates common types of adjustments made by analysts to reported financial statements. These adjustments are necessary to facilitate comparison between companies that may use different accounting methods or assumptions. Although specific examples are not detailed in the provided excerpt, adjustments typically involve elements directly reported in financial statements such as investments, inventory, and property, as these are common areas where accounting methods and assumptions can vary significantly between companies (e.g., different depreciation methods, inventory valuation methods).choices like sales forecasts, market share, projected cash flow, profitability, borrowing capacity, and leverage, which typically do not involve adjustments to reported historical financial statement data, instead, they are aspects considered in analysis and forecasting. Thus, the best fitting choice provided in the options is related to tangible elements found directly on the financial statements, making option A the correct choice.",yes,
How can a good understanding of financial reporting standards benefit analysts?,['It helps ensure accurate investment decisions\nB) It ensures compliance with regulatory requirements\nC) It allows for effective credit analysis\nD) It helps project future financial performance'],"Answer: A 
Justification: Having a good understanding of financial reporting standards enables analysts to make accurate investment decisions based on the information provided in financial statements.

","The correct answer is: **A) It helps ensure accurate investment decisions.**

Justification:
A good understanding of financial reporting standards is crucial for accurate analysis and decision-making, as highlighted in the summary of the report. When analysts possess a thorough grasp of the standards under which financial statements are prepared, they can more accurately interpret the financial data, leading to better predictions, valuations, and ultimately more informed investment decisions. This inherent understanding helps discern the quality and sustainability of a company's reported earnings, cash flows, and overall financial health, crucial for making accurate investment decisions. Options B, C, and D are also benefits of understanding financial reporting standards, but the most encompassing benefit is ensuring accurate investment decisions, as it is directly related to the analyst’s primary goal in financial statement analysis.",yes,
What is the purpose of evaluating a company's historical performance?,"[""To assess the company's current financial position\nB) To understand the causes behind the company's performance\nC) To project future financial performance\nD) To determine the company's market share""]","Answer: B 
Justification: Evaluating a company's historical performance helps in understanding the factors that led to its performance and how it aligns with the company's strategy.

","The correct answer is B) To understand the causes behind the company's performance.

Justification:
In the context provided, it is specifically mentioned in both the summary and the main body of the report that evaluating a company's historical performance involves not just a description of past events but also a deep dive into understanding the causes behind these events (""Understanding the causes behind the performance""). This analytical approach ties the historical performance to how it aligns with the company's strategy, showing the motivations or reasons for specific financial outcomes. Hence, while evaluating historical performance does indeed relate indirectly to assessing the current financial position and projecting future performance, the primary purpose as highlighted in the context is to uncover and understand the causes of past performance, directly aligning with choice B.",yes,
How does projecting profit margins and expenses contribute to forecasting net income and cash flow?,"[""It helps determine the company's market share\nB) It allows for accurate sales forecasts\nC) It helps estimate future revenue and costs\nD) It accounts for changes in working capital""]","Answer: C 
Justification: Projecting profit margins and expenses helps in estimating future revenue and costs, which are crucial in forecasting net income and cash flow.

","The correct answer is C) It helps estimate future revenue and costs.

Justification:
The process of forecasting a company's future net income and cash flow involves projecting various financial components, among which profit margins and expenses are crucial. By projecting profit margins, an analyst can estimate the percentage of revenue that will result in net income; this involves calculating expected expenses and then determining the net amount that will be considered profit. Similarly, projecting expenses helps in estimating the total costs the company will incur in the process of generating revenue.

Accurate projection of these aspects allows for an effective estimation of future revenues and the costs associated with generating these revenues, which are essential inputs for calculating net income and cash flow. The estimation directly impacts the accuracy of the financial forecasts, such as income statements and cash flow statements, enabling a better analysis of financial health and sustainability of operations.

Option C emphasizes the direct contribution of projecting profit margins and expenses to estimating revenue and costs, which is crucial for forecasting net income and overall cash flow of a company. Other options, such as A, B, and D, do not directly relate to how net income and cash flow forecasts are derived from projected profit margins and expenses.",yes,
What does credit analysis use financial statement analysis for?,"[""To determine a company's market share\nB) To evaluate a borrower's creditworthiness\nC) To project future financial performance\nD) To analyze a company's historical performance""]","Answer: B 
Justification: Credit analysis uses financial statement analysis to assess a borrower's ability to repay interest and principal of a debt obligation.

","The correct answer is B) To evaluate a borrower's creditworthiness.

Justification:
The context paragraph specifically states that credit analysis involves using financial statement analysis ""to evaluate factors like leverage tolerance, operational stability, and margin stability."" These factors are critical in assessing the creditworthiness of a borrower by examining their financial stability and ability to withstand financial pressures. Evaluating a company's creditworthiness is essentially about determining how likely they are to meet their financial obligations, which is a key function of credit analysis in financial contexts. This directly aligns with option B, while the other options mentioned pertain to other aspects of financial analysis but not specifically to evaluating creditworthiness in the context provided.",yes,
What types of factors are evaluated in credit analysis?,"['Leverage tolerance, operational stability, and margin stability\nB) Profitability, liquidity, and solvency\nC) Asset turnover, inventory turnover, and current ratio\nD) Working capital, return on equity, and debt-to-equity ratio']","Answer: A 
Justification: Credit analysis considers factors such as leverage tolerance, operational stability, and margin stability when assessing creditworthiness.

","The correct answer is: A) Leverage tolerance, operational stability, and margin stability.

Justification:
In the provided context under the summary key points, point number 6 explicitly mentions the factors considered when using financial statement analysis for credit analysis. These factors include leverage tolerance (how much debt a company can handle), operational stability (the reliability and consistency of a company's operations), and margin stability (consistency and stability in profit margins). This aligns directly with option A, confirming it as the correct choice as these are the factors specifically mentioned in the context for evaluating in credit analysis.

Other options, while they are generally important financial metrics used in various aspects of financial analysis, are not directly mentioned in the given context under the section discussing credit analysis. Hence, based on the information from the summary and the directives of the report, option A is the accurate answer.",yes,
How do financial statement ratios assist in screening potential equity investments?,['By determining which metrics to use as screens\nB) By calculating the weighted average of multiple metrics\nC) By setting cutoff points for metric values\nD) By analyzing the financial ratios of different companies'],"Answer: A 
Justification: Financial statement ratios are used to determine which metrics to use as screens when screening potential equity investments.

","The correct answer is A) **By determining which metrics to use as screens**.

Financial statement ratios are crucial tools used in the analysis of a company's financial health and performance. These ratios can be used as screens or filters to identify potential equity investments that meet specific investment criteria. The selection of metrics (like price-to-earnings ratio, return on equity, debt-to-equity ratio, etc.) to use as screens is a fundamental decision an analyst makes when assessing potential investment opportunities. 

This process was mentioned in the context paragraph, which refers to analysts needing to make fundamental decisions about the metrics to use as screens, illustrating that choosing the right metrics to monitor is essential in the screening process for potential equity investments. The choice of which financial ratios to focus on essentially controls what kind of investment qualities are prioritized and observed, from growth and profitability to stability and leverage. Thus, answer A is most directly correct in describing how financial statement ratios assist in the screening process.

Option B, C, and D, though related to analysis and decision-making in financial investments, don’t specifically refer to the initial crucial action of setting parameters (choosing metrics) for analysis, which is the primary way financial ratios assist in screening for investments. Hence, option A is the best choice as a justified answer.",yes,
When are analyst adjustments to reported financial statements necessary?,"[""When evaluating a company's market share\nB) When assessing a company's credit risk\nC) When comparing companies that use different accounting methods\nD) When projecting future cash flow""]","Answer: C 
Justification: Analyst adjustments to reported financial statements are necessary when comparing companies that use different accounting methods or assumptions.

","The correct answer is C) When comparing companies that use different accounting methods.

Justification:
Analyst adjustments to reported financial statements are primarily necessary to ensure comparability among companies. When companies use different accounting methods or assumptions, their financial statements might not be directly comparable, which could distort financial analysis and decision-making. Analyst adjustments align these variances, adjusting items such as investments, inventory, property, plant, and equipment, and goodwill to create a fair basis for comparison. This is stated in the summary that emphasizes the necessity of adjustments for comparability purposes, especially when companies operate under different financial reporting frameworks or accounting policies.

Other options provided in the question, such as evaluating a company's market share (A), assessing a company's credit risk (B), and projecting future cash flow (D), do not specifically require adjustments for comparability due to different accounting methods. While adjustments may be part of the overall analysis in other types of financial assessments, the scenario described in option C directly addresses the context where such adjustments are explicitly crucial.",yes,
What are examples of analyst adjustments to reported financial statements?,"['Adjustments related to investments, inventory, and property\nB) Adjustments related to sales forecasts and market share\nC) Adjustments related to projected cash flow and profitability\nD) Adjustments related to borrowing capacity and leverage']","Answer: A 
Justification: Examples of analyst adjustments to reported financial statements include adjustments related to investments, inventory, property, plant, and equipment.

","The correct answer is A) Adjustments related to investments, inventory, and property.

Justification:
From the context provided in the section ""Analyst Adjustments to Financial Statements,"" it is illustrated that common types of adjustments are made by analysts to reported financial statements. These adjustments are often necessary when comparing companies that utilize different accounting methods or assumptions, which can frequently involve adjustments to investment, inventory, and property values. These types of adjustments enable more accurate and equitable comparisons across businesses by standardizing financial data. 

The other options (B, C, and D) are not directly mentioned in the context provided under ""Analyst Adjustments to Financial Statements"" and hence, are not the right choices for examples of analyst adjustments according to the provided text.",yes,
How can a good understanding of financial reporting standards benefit analysts?,['It helps ensure accurate investment decisions\nB) It ensures compliance with regulatory requirements\nC) It allows for effective credit analysis\nD) It helps project future financial performance'],"Answer: A 
Justification: Having a good understanding of financial reporting standards enables analysts to make accurate investment decisions based on the information provided in financial statements.

","The correct answer is A) It helps ensure accurate investment decisions.

Justification:
The context emphasizes multiple applications of financial statement analysis including evaluating past financial performance, projecting future net income, assessing credit quality, and screening for potential equity investments. One of the key points highlighted is the crucial role of understanding financial reporting standards for accurate analysis and decision-making. 

When analysts have a comprehensive understanding of the financial reporting standards under which financial statements are prepared, they can more accurately interpret and adjust reported financial data. This accurate interpretation and adjustment are essential for making informed decisions related to investment opportunities and risk assessments.

A solid understanding of these standards helps in:
- Ensuring that financial statement comparability is maintained across different companies, which may follow different accounting policies or use varying assumptions.
- Adjusting financial statements appropriately, as mentioned in the report section discussing analyst adjustments, thereby providing a clearer, more comparable view of financial health and performance.

All of these lead to making more accurate investment decisions, which is encapsulated in option A. Thus, while understanding financial reporting standards indirectly supports compliance, credit analysis, and projection of future performance (options B, C, and D respectively), its direct and most critical impact as per the context provided is ensuring accurate investment decisions.",yes,
What is the purpose of evaluating a company's historical performance?,"[""To assess the company's current financial position\nB) To understand the causes behind the company's performance\nC) To project future financial performance\nD) To determine the company's market share""]","Answer: B 
Justification: Evaluating a company's historical performance helps in understanding the factors that led to its performance and how it aligns with the company's strategy.

","The correct answer is B) To understand the causes behind the company's performance.

Justification:
The context provided in the summary specifically notes evaluating a company's historical performance goes beyond simply describing past occurrences. Instead, the analysis importantly focuses on understanding why those particular financial results occurred, including exploring the causes behind the performance. This exploration helps to determine how the past financial outcomes align with the company's strategic objectives and operational decisions. 

While option C, projecting future financial performance, is indeed a part of financial statement analysis, it is not directly about evaluating historical performance per se but rather using that analysis as a basis to make future projections. Similarly, options A and D, though relevant to financial analyses in a broader context, do not directly address the purpose of evaluating historical performance in relation to understanding the underlying reasons for those financial outcomes, as emphasized in the provided paragraph. Thus, option B is the correct and most directly supported choice according to the given text.",yes,
How does projecting profit margins and expenses contribute to forecasting net income and cash flow?,"[""It helps determine the company's market share\nB) It allows for accurate sales forecasts\nC) It helps estimate future revenue and costs\nD) It accounts for changes in working capital""]","Answer: C 
Justification: Projecting profit margins and expenses helps in estimating future revenue and costs, which are crucial in forecasting net income and cash flow.

","The correct answer is: C) It helps estimate future revenue and costs.

Justification:
When forecasting a company’s future financial performance, particularly net income and cash flow, projecting profit margins and expenses is absolutely crucial. Options A, B, and D, while related to financial forecasting, do not directly address the essential role of projecting profit margins and expenses.

Profit margins represent the percentage of revenue that has turned into a profit, essentially indicating how much each dollar of sales contributes to the income after covering costs. By projecting both profit margins and expenses (operational and non-operational), you are essentially estimating the company's future revenue generation capabilities (sales, adjusted for costs of goods sold and other operating expenses) and its cost structure. This action directly contributes to an accurate estimation of net income (as net income is calculated by subtracting expenses from revenue) and impacts the cash flow (considering operational and capital expenditures, which are part of the expenses).

Understanding future revenue and costs helps stakeholders gauge the company’s profitability and cash generation potential, which are critical elements in making informed investment and business decisions. Thus, Option C most effectively captures the contribution of projecting profit margins and expenses to forecasting a company's future net income and cash flow.",yes,
What does credit analysis use financial statement analysis for?,"[""To determine a company's market share\nB) To evaluate a borrower's creditworthiness\nC) To project future financial performance\nD) To analyze a company's historical performance""]","Answer: B 
Justification: Credit analysis uses financial statement analysis to assess a borrower's ability to repay interest and principal of a debt obligation.

","The correct answer is B) To evaluate a borrower's creditworthiness.

Justification:
The context provided highlights the use of financial statement analysis in several capacities. Specifically, it describes the role of financial statement analysis in assessing ""the credit quality of a potential debt investment,"" which directly relates to evaluating a borrower's creditworthiness. Credit analysis involves examining factors such as leverage tolerance, operational stability, and margin stability, which are crucial for determining the credit risk associated with lending to or investing in a company. This activity supports the purpose of understanding whether a potential borrower can meet financial obligations. None of the other choices (determining market share, projecting future financial performance, or solely analyzing historical performance) specifically pertain to the use of financial statement analysis in credit analysis as described in the context.",yes,
What types of factors are evaluated in credit analysis?,"['Leverage tolerance, operational stability, and margin stability\nB) Profitability, liquidity, and solvency\nC) Asset turnover, inventory turnover, and current ratio\nD) Working capital, return on equity, and debt-to-equity ratio']","Answer: A 
Justification: Credit analysis considers factors such as leverage tolerance, operational stability, and margin stability when assessing creditworthiness.

","The correct answer is: **A) Leverage tolerance, operational stability, and margin stability.**

Justification:

Based on the summary provided in the context paragraph, particularly in key point number 6 under the ""Summary"" section, it specifically mentions that ""Credit analysis involves using financial statement analysis to evaluate factors like leverage tolerance, operational stability, and margin stability."" This directly implies that these are the factors considered when conducting credit analysis as part of financial statement analysis. This choice directly reflects the content provided and aligns with the discussed applications of financial statement analysis concerning credit quality assessment.

Other options, although related to financial analysis, are either too broad or not directly mentioned in the context of credit analysis within the provided text. Thus, they do not accurately reflect the specific factors evaluated in credit analysis as outlined in the provided material.",yes,
How do financial statement ratios assist in screening potential equity investments?,['By determining which metrics to use as screens\nB) By calculating the weighted average of multiple metrics\nC) By setting cutoff points for metric values\nD) By analyzing the financial ratios of different companies'],"Answer: A 
Justification: Financial statement ratios are used to determine which metrics to use as screens when screening potential equity investments.

","The correct answer is **D) By analyzing the financial ratios of different companies**.

Justification:
Financial statement ratios are crucial tools used in the analysis of a company's financial health and performance relative to other companies in the industry. In the context of screening potential equity investments, these ratios provide a standardized means of comparing and contrasting different companies by looking at key financial metrics. These metrics typically include profitability ratios, liquidity ratios, debt ratios, and efficiency ratios, among others. By analyzing these ratios, investors can identify companies that stand out in terms of financial strength, efficiency, and profitability, making it easier to pinpoint attractive investment opportunities. 

While determining which metrics to use as screens (A), calculating the weighted average of multiple metrics (B), and setting cutoff points for metric values (C) are also involved in the process, the direct answer to how financial statement ratios assist in screening is by enabling the comparison of financial metrics across different companies (D). These comparisons are what fundamentally inform the decisions in the investment screening process.
",no,
When are analyst adjustments to reported financial statements necessary?,"[""When evaluating a company's market share\nB) When assessing a company's credit risk\nC) When comparing companies that use different accounting methods\nD) When projecting future cash flow""]","Answer: C 
Justification: Analyst adjustments to reported financial statements are necessary when comparing companies that use different accounting methods or assumptions.

","The correct answer is: C) When comparing companies that use different accounting methods.

Justification:
Analyst adjustments to reported financial statements are critical when comparing companies that use different accounting standards or methods. These adjustments are necessary to achieve comparability between the financial data of companies that might otherwise be following different reporting practices, leading to discrepancies in financial metrics such as revenue recognition, inventory valuation, or asset depreciation. Adjustments help analysts establish a level playing field and make meaningful comparisons about performance, efficiency, and financial health.

Options A, B, and D, while significant in the broader context of financial analysis, do not specifically necessitate adjustments for purposes of comparability between companies with different accounting practices. Rather:
A) Evaluating a company's market share typically involves analysis that focuses more on industry data and market metrics rather than internal accounting differences.
B) When assessing a company's credit risk, financial statement analysis focuses on understanding the company's ability to meet its debt obligations, which can involve adjustments but is oriented more towards stability, cash flow, and leverage metrics rather than comparability adjustments.
D) Projecting future cash flows is focused on forecasts and estimates based on existing financial data and trends rather than adjustments for comparability across different accounting methods.",yes,
What are examples of analyst adjustments to reported financial statements?,"['Adjustments related to investments, inventory, and property\nB) Adjustments related to sales forecasts and market share\nC) Adjustments related to projected cash flow and profitability\nD) Adjustments related to borrowing capacity and leverage']","Answer: A 
Justification: Examples of analyst adjustments to reported financial statements include adjustments related to investments, inventory, property, plant, and equipment.

","The correct answer is A) Adjustments related to investments, inventory, and property.

Justification:
In the context provided, it is mentioned under point 6 ""Analyst Adjustments to Financial Statements"" that common types of adjustments made by analysts to reported financial statements are discussed. While specific examples of these adjustments are not listed in the text provided, the choice A, mentioning adjustments related to investments, inventory, and property, falls squarely within typical areas where financial analysts often make adjustments. These adjustments are made to reflect a more accurate and comparable picture of a company's financial status, especially when comparing across companies that may use different accounting methods or assumptions. The other options (B, C, and D) mention sales forecasts, market share, projected cash flow, profitability, borrowing capacity, and leverage, which are not directly referenced in the context as typical areas of analyst adjustments to reported financial statements.",yes,
How can a good understanding of financial reporting standards benefit analysts?,['It helps ensure accurate investment decisions\nB) It ensures compliance with regulatory requirements\nC) It allows for effective credit analysis\nD) It helps project future financial performance'],"Answer: A 
Justification: Having a good understanding of financial reporting standards enables analysts to make accurate investment decisions based on the information provided in financial statements.

","The correct answer is A) It helps ensure accurate investment decisions.

Justification:
In the provided context, understanding the financial reporting standards under which financial statements are prepared is crucial for accurate analysis and decision-making. This is mentioned in the summary key point 2 of the context paragraph. This accuracy in analysis directly influences investment decisions by ensuring that financial statement analysis reflects a true and fair view of the company's financial health and prospects. Accurate analysis allows analysts to make informed decisions regarding potential equity and debt investments, evaluate credit quality, and project future performance, which are all critical aspects of making sound investment decisions.

While options B, C, and D are valid considerations within financial analysis, they are not explicitly supported as the primary benefits of understanding financial reporting standards in the context provided. Option B (ensures compliance with regulatory requirements) is undoubtedly important but is more related to legal compliance than to the primary analytical outcome. Option C (allows for effective credit analysis) and D (helps project future financial performance) are consequences of good financial analysis practices that would indeed benefit from a solid understanding of financial standards, but the context paragraph specifically emphasizes the crucial role of this understanding in ensuring accurate decision-making overall. Therefore, option A is the most directly supported by the text.",yes,
What is the purpose of evaluating a company's historical performance?,"[""To assess the company's current financial position\nB) To understand the causes behind the company's performance\nC) To project future financial performance\nD) To determine the company's market share""]","Answer: B 
Justification: Evaluating a company's historical performance helps in understanding the factors that led to its performance and how it aligns with the company's strategy.

","The correct answer is B) To understand the causes behind the company's performance.

Justification:
The context provided in the ""Evaluating a Company's Past Financial Performance"" section explicitly states that evaluating a company's historical performance goes beyond merely describing past events. It emphasizes the importance of understanding the causes behind the performance and how this aligns with the company's overarching strategy. This indicates that the primary purpose of assessing historical financial performance is to comprehend the reasonings and factors that contributed to these outcomes, enabling better strategic decisions and projections moving forward. None of the other options are directly supported by the context given.",yes,
How does projecting profit margins and expenses contribute to forecasting net income and cash flow?,"[""It helps determine the company's market share\nB) It allows for accurate sales forecasts\nC) It helps estimate future revenue and costs\nD) It accounts for changes in working capital""]","Answer: C 
Justification: Projecting profit margins and expenses helps in estimating future revenue and costs, which are crucial in forecasting net income and cash flow.","The correct answer is C) It helps estimate future revenue and costs.

Justification:
Forecasting profit margins and expenses directly contributes to estimating future revenue and costs, which are pivotal elements in calculating a company's future net income and cash flow. As discussed in the context paragraph under ""3. Forecasting a Company's Future Financial Performance,"" when projecting a company's future financial performance, an analyst considers factors like profit margins, expenses, and investments. Profit margins help in understanding the likely profitability per unit of sales, while detailed scrutiny of expenses provides an estimate of the outgoing costs necessary to support operational activities and sales projections.

Alternatives like determining the company's market share (A) and allowing for accurate sales forecasts (B) are related outcomes of effective financial analysis but are not directly described by projecting profit margins and expenses. The choice (D), which involves accounting for changes in working capital, refers to another aspect of financial forecasting that focuses on managing and projecting current assets and liabilities rather than profit margins and expenses directly affecting net income and cash flow calculations as stated in option (C). Therefore, option C is the most accurate and relevant answer to how projecting profit margins and expenses contribute specifically to forecasting net income and cash flow.",yes,
,,,,,
,,,,,